{
  "epochs": [
    1,
    2,
    3,
    4,
    5,
    6,
    7,
    8,
    9,
    10,
    11,
    12,
    13,
    14,
    15,
    16,
    17,
    18,
    19,
    20,
    21,
    22,
    23,
    24,
    25,
    26,
    27,
    28,
    29,
    30
  ],
  "val_accuracy": [
    0.0,
    0.0,
    0.0,
    0.0,
    0.0024999999441206455,
    0.0,
    0.0,
    0.0024999999441206455,
    0.0,
    0.0,
    0.0,
    0.0,
    0.0,
    0.0,
    0.0024999999441206455,
    0.0,
    0.0,
    0.0024999999441206455,
    0.0024999999441206455,
    0.0024999999441206455,
    0.0024999999441206455,
    0.004999999888241291,
    0.0024999999441206455,
    0.0024999999441206455,
    0.0024999999441206455,
    0.0,
    0.0,
    0.0,
    0.0,
    0.0024999999441206455
  ]
}