{
  "epochs": [
    1,
    2,
    3,
    4,
    5,
    6,
    7,
    8,
    9,
    10,
    11,
    12,
    13,
    14,
    15,
    16,
    17,
    18,
    19,
    20,
    21,
    22,
    23,
    24,
    25,
    26,
    27,
    28,
    29,
    30
  ],
  "val_accuracy": [
    0.05999999865889549,
    0.06499999761581421,
    0.057500001043081284,
    0.05249999836087227,
    0.04500000178813934,
    0.04749999940395355,
    0.054999999701976776,
    0.04500000178813934,
    0.04500000178813934,
    0.03750000149011612,
    0.032499998807907104,
    0.04500000178813934,
    0.05249999836087227,
    0.06750000268220901,
    0.05999999865889549,
    0.04749999940395355,
    0.05000000074505806,
    0.05249999836087227,
    0.07500000298023224,
    0.07249999791383743,
    0.0625,
    0.06499999761581421,
    0.07249999791383743,
    0.07999999821186066,
    0.0625,
    0.057500001043081284,
    0.04500000178813934,
    0.042500000447034836,
    0.04500000178813934,
    0.04749999940395355
  ]
}